<?xml version="1.0" encoding="utf-8"?>
<productAdditionalComps>
   <dependsOn>
      <component>
         <name>TrainingClassificationIntan</name>
         <locale/>
         <platformList>
            <platform>win64</platform>
         </platformList>
         <version>1.0</version>
      </component>
   </dependsOn>
   <isControllingProduct>true</isControllingProduct>
   <platform>win64</platform>
   <productName>TrainingClassificationIntan</productName>
   <productNumber>5000</productNumber>
   <productBaseCode>TrainingClassificationIntan</productBaseCode>
   <productVersion>1.0</productVersion>
   <releaseFamily>R2015a</releaseFamily>
   <releaseDescription>R2015a</releaseDescription>
</productAdditionalComps>