<?xml version="1.0" encoding="utf-8"?>
<componentData>
   <component>
      <componentBaseName>main</componentBaseName>
      <componentFileName>test.enc</componentFileName>
      <componentName>main</componentName>
      <componentVersion>1.0</componentVersion>
      <locale/>
      <numFiles>0</numFiles>
      <platformList>
         <platform>win64</platform>
      </platformList>
      <releaseFamily>R2015a</releaseFamily>
      <size>0</size>
      <type/>
      <uncompressedBytes>0</uncompressedBytes>
   </component>
</componentData>