<?xml version="1.0" encoding="utf-8"?>
<ApplicationInstallerManifest>
   <DefaultInstallationDirectory>%ProgramFiles%\SINAPSE\TrainingClassificationIntan\</DefaultInstallationDirectory>
   <ApplicationName>TrainingClassificationIntan</ApplicationName>
   <ExecutableName>application\TrainingClassificationIntan.exe</ExecutableName>
   <GUID>1d9d9bd8-8100-415b-bb9d-38981fd5110c</GUID>
   <ApplicationIcon>default_icon_48.png</ApplicationIcon>
   <Logo>default_logo.png</Logo>
   <Version>1.0</Version>
   <AddRemoveProgramIcon>application\default_icon.ico</AddRemoveProgramIcon>
   <AuthorOrganization>SINAPSE</AuthorOrganization>
   <WelcomePanelText>TrainingClassificationIntan 1.0
Tsai Chne-Wuen</WelcomePanelText>
   <MCRProducts>
      <MCRProduct>
         <ExternalProductIdentifier>35000</ExternalProductIdentifier>
      </MCRProduct>
      <MCRProduct>
         <ExternalProductIdentifier>35010</ExternalProductIdentifier>
      </MCRProduct>
   </MCRProducts>
</ApplicationInstallerManifest>